Train Accuracy,Train Loss,Test Accuracy,Personalized Accuracy,Global Accuracy
0.5771333333333333,1.0110746106098094,0.1389,0.13911666666666667,0.1126
0.5806499999999999,0.9973147344042858,0.1393,0.13823333333333335,0.1126
